<team name="Cinematic Universe">
    <character name="Steve" speed="4" strength="4" powers="0" weapons="6" />
    <character name="Tony" speed="5" strength="7" powers="0" weapons="8" />
    <character name="Bruce" speed="5" strength="10" powers="0" weapons="0" />
    <character name="Natasha" speed="5" strength="3" powers="0" weapons="7" />
    <character name="Clint" speed="4" strength="3" powers="0" weapons="8" />
    <character name="Thor" speed="6" strength="9" powers="5" weapons="8" />
</team>
<team name="Caps Kooky Quartet">
    <character name="Steve" speed="4" strength="4" powers="0" weapons="6" />
    <character name="Pietro" speed="10" strength="3" powers="0" weapons="0" />
    <character name="Wanda" speed="3" strength="2" powers="8" weapons="0" />
    <character name="Clint" speed="4" strength="3" powers="0" weapons="8" />
</team>
<team name="Original Comics">
    <character name="Steve" speed="4" strength="4" powers="0" weapons="6" />
    <character name="Tony" speed="3" strength="6" powers="0" weapons="6" />
    <character name="Bruce" speed="5" strength="10" powers="0" weapons="0" />
    <character name="Jan" speed="5" strength="2" powers="6" weapons="5" />
    <character name="Hank" speed="6" strength="9" powers="4" weapons="0" />
    <character name="Thor" speed="6" strength="9" powers="5" weapons="8" />
</team>
